filename,preprocessing_ms,inference_ms,postprocessing_ms,e2e_ms,class_id,confidence,accuracy,info
kinetics_val_0001_label_292.mp4,489.9775,135.7677,0.3769,626.1405,31,14.86,0.0, -> bowling (14.9%)
kinetics_val_0002_label_11.mp4,740.5471,136.0586,0.4131,877.034,234,75.94,0.0, -> playing harp (75.9%)
kinetics_val_0003_label_254.mp4,2733.8124,146.5272,0.342,2880.6979,361,17.47,0.0, -> tossing coin (17.5%)
kinetics_val_0004_label_260.mp4,1602.5425,180.5101,0.3631,1783.4305,145,78.91,0.0, -> grooming dog (78.9%)
kinetics_val_0005_label_124.mp4,1914.3248,138.5182,0.4082,2053.266,65,27.22,0.0, -> cleaning windows (27.2%)
kinetics_val_0006_label_240.mp4,1070.3837,149.637,0.3889,1220.4265,240,100.0,1.0, -> playing paintball (100.0%)
kinetics_val_0007_label_90.mp4,823.3778,131.0045,0.448,954.8463,221,15.42,0.0, -> playing bass guitar (15.4%)
kinetics_val_0008_label_4.mp4,1316.9699,143.8985,0.3577,1461.2433,331,17.51,0.0, -> sticking tongue out (17.5%)
kinetics_val_0009_label_155.mp4,671.487,134.3682,0.3549,806.224,178,14.68,0.0, -> knitting (14.7%)
kinetics_val_0010_label_132.mp4,1720.4784,137.5594,0.3392,1858.3916,287,41.48,0.0, -> setting table (41.5%)
kinetics_val_0011_label_81.mp4,436.7951,133.5399,0.3595,570.7097,35,94.28,0.0, -> brush painting (94.3%)
kinetics_val_0012_label_161.mp4,2559.7036,157.1386,0.3421,2717.199,97,11.31,0.0, -> doing nails (11.3%)
kinetics_val_0013_label_36.mp4,1752.4621,154.2522,0.3471,1907.0749,176,21.78,0.0, -> kissing (21.8%)
kinetics_val_0014_label_227.mp4,689.1783,137.3188,0.3809,826.8929,378,25.47,0.0, -> walking the dog (25.5%)
kinetics_val_0015_label_353.mp4,924.0662,129.6037,0.4217,1054.136,35,87.38,0.0, -> brush painting (87.4%)
kinetics_val_0016_label_246.mp4,3274.0286,143.5269,0.3296,3417.9019,1,2.28,0.0, -> air drumming (2.3%)
kinetics_val_0017_label_302.mp4,666.0586,134.0713,0.367,800.51,216,42.4,0.0, -> plastering (42.4%)
kinetics_val_0018_label_246.mp4,482.6594,138.8479,0.3569,621.8781,246,98.96,1.0, -> playing tennis (99.0%)
kinetics_val_0019_label_336.mp4,348.9554,136.5699,0.3693,485.908,225,23.6,0.0, -> playing clarinet (23.6%)
kinetics_val_0020_label_341.mp4,1101.7284,127.7806,0.3672,1229.8891,202,60.31,0.0, -> news anchoring (60.3%)
kinetics_val_0021_label_195.mp4,707.882,134.3417,0.3445,842.5817,231,92.71,0.0, -> playing flute (92.7%)
kinetics_val_0022_label_250.mp4,2966.7867,143.6692,0.3391,3110.8089,219,71.54,0.0, -> playing bagpipes (71.5%)
kinetics_val_0023_label_199.mp4,801.2287,135.6854,0.3588,937.2866,192,72.05,0.0, -> marching (72.0%)
kinetics_val_0024_label_58.mp4,564.889,136.0922,0.3335,701.328,11,51.57,0.0, -> baking cookies (51.6%)
kinetics_val_0025_label_27.mp4,379.5756,118.0281,0.3606,497.9865,14,37.5,0.0, -> barbequing (37.5%)
kinetics_val_0026_label_310.mp4,606.9196,131.0277,0.3435,738.304,35,30.86,0.0, -> brush painting (30.9%)
kinetics_val_0027_label_233.mp4,2471.1622,152.6124,0.338,2624.1257,178,97.77,0.0, -> knitting (97.8%)
kinetics_val_0028_label_43.mp4,2553.6435,162.6917,0.3594,2716.7092,240,7.83,0.0, -> playing paintball (7.8%)
kinetics_val_0029_label_72.mp4,713.866,134.5992,0.3406,848.8193,35,88.62,0.0, -> brush painting (88.6%)
kinetics_val_0030_label_86.mp4,715.4922,126.094,0.3437,841.9439,192,96.22,0.0, -> marching (96.2%)
kinetics_val_0031_label_50.mp4,872.7515,135.547,0.3938,1008.7074,288,16.48,0.0, -> shaking hands (16.5%)
kinetics_val_0032_label_160.mp4,3423.9294,152.0015,0.3795,3576.326,377,11.09,0.0, -> waiting in line (11.1%)
kinetics_val_0033_label_395.mp4,1842.9121,160.1645,0.3611,2003.4526,176,19.75,0.0, -> kissing (19.8%)
kinetics_val_0034_label_2.mp4,1289.0609,141.4777,0.3426,1430.8947,396,42.6,0.0, -> writing (42.6%)
kinetics_val_0035_label_271.mp4,2046.6248,144.4704,0.3323,2191.4415,327,82.54,0.0, -> spray painting (82.5%)
kinetics_val_0036_label_139.mp4,831.046,129.5947,0.3422,960.9962,365,39.09,0.0, -> trimming or shaving beard (39.1%)
kinetics_val_0037_label_172.mp4,842.6789,139.5331,0.3372,982.5647,55,69.8,0.0, -> cheerleading (69.8%)
kinetics_val_0038_label_97.mp4,2341.5238,153.4364,0.3409,2495.3143,113,62.95,0.0, -> eating doughnuts (62.9%)
kinetics_val_0039_label_97.mp4,522.4213,135.9036,0.3395,658.6786,327,36.28,0.0, -> spray painting (36.3%)
kinetics_val_0040_label_238.mp4,709.2442,121.9834,0.3375,831.5786,14,11.75,0.0, -> barbequing (11.8%)
kinetics_val_0041_label_317.mp4,394.2674,130.0452,0.355,524.6809,190,56.91,0.0, -> making sushi (56.9%)
kinetics_val_0042_label_326.mp4,889.0021,137.7185,0.3376,1027.0716,35,63.76,0.0, -> brush painting (63.8%)
kinetics_val_0043_label_367.mp4,2533.0459,150.4334,0.3292,2683.8221,51,7.23,0.0, -> celebrating (7.2%)
kinetics_val_0044_label_128.mp4,2143.9826,145.1061,0.3715,2289.4741,288,10.81,0.0, -> shaking hands (10.8%)
kinetics_val_0045_label_103.mp4,668.2096,118.6249,0.3418,787.1893,65,98.69,0.0, -> cleaning windows (98.7%)
kinetics_val_0046_label_82.mp4,299.1587,130.8067,0.3352,430.3134,82,99.66,1.0, -> cutting pineapple (99.7%)
kinetics_val_0047_label_217.mp4,567.9329,130.8465,0.3699,699.1634,11,95.64,0.0, -> baking cookies (95.6%)
kinetics_val_0048_label_114.mp4,2224.225,159.03,0.3305,2383.5983,178,18.23,0.0, -> knitting (18.2%)
kinetics_val_0049_label_66.mp4,478.4729,127.5149,0.3525,606.354,239,28.53,0.0, -> playing organ (28.5%)
kinetics_val_0050_label_301.mp4,2228.4484,130.8504,0.3131,2359.6261,114,48.24,0.0, -> eating hotdog (48.2%)
kinetics_val_0051_label_48.mp4,216.141,135.8797,0.3423,352.3773,100,2.39,0.0, -> drinking (2.4%)
kinetics_val_0052_label_7.mp4,649.6927,135.1329,0.3555,785.1947,202,26.26,0.0, -> news anchoring (26.3%)
kinetics_val_0053_label_331.mp4,1491.8603,149.34,0.3489,1641.5641,190,35.68,0.0, -> making sushi (35.7%)
kinetics_val_0054_label_365.mp4,1415.7636,145.1457,0.3414,1561.2651,35,52.4,0.0, -> brush painting (52.4%)
kinetics_val_0055_label_253.mp4,1973.3784,134.5445,0.3309,2108.2666,192,90.06,0.0, -> marching (90.1%)
kinetics_val_0056_label_58.mp4,423.1335,134.0685,0.3276,557.5427,114,32.35,0.0, -> eating hotdog (32.4%)
kinetics_val_0057_label_325.mp4,562.3825,138.8353,0.4399,701.6728,200,16.66,0.0, -> moving furniture (16.7%)
kinetics_val_0058_label_121.mp4,2286.1859,155.4587,0.3714,2442.033,366,23.47,0.0, -> trimming trees (23.5%)
kinetics_val_0059_label_103.mp4,2529.3387,158.1724,0.3607,2687.8862,219,27.37,0.0, -> playing bagpipes (27.4%)
kinetics_val_0060_label_130.mp4,482.9813,119.7361,0.3403,603.0977,190,79.5,0.0, -> making sushi (79.5%)
kinetics_val_0061_label_337.mp4,1391.2765,144.5074,0.4371,1536.2367,192,64.55,0.0, -> marching (64.5%)
kinetics_val_0062_label_225.mp4,1295.61,138.8342,0.3189,1434.779,225,43.75,1.0, -> playing clarinet (43.7%)
kinetics_val_0063_label_220.mp4,458.7296,137.5069,0.3687,596.6191,327,32.9,0.0, -> spray painting (32.9%)
kinetics_val_0064_label_66.mp4,514.4644,136.2955,0.3857,651.1592,11,17.62,0.0, -> baking cookies (17.6%)
