filename,ros_data_age_ms,preprocessing_ms,inference_ms,postprocessing_ms,e2e_ms,class_id,confidence,info
frame_000000_clip,-1.0,80.1747,140.9958,0.5726,221.8993,60,86.09, -> cleaning floor (86.1%)
frame_000001_clip,-1.0,95.1718,130.0165,0.3995,225.7551,73,63.1, -> cooking sausages (63.1%)
frame_000002_clip,-1.0,56.7917,142.5623,0.3573,199.8535,65,37.35, -> cleaning windows (37.3%)
frame_000003_clip,-1.0,57.2732,151.8593,0.4408,209.7726,33,57.06, -> breading or breadcrumbing (57.1%)
frame_000004_clip,-1.0,88.7823,134.992,0.268,224.1408,60,71.97, -> cleaning floor (72.0%)
frame_000005_clip,-1.0,81.6932,144.0915,0.3417,226.2735,60,32.47, -> cleaning floor (32.5%)
frame_000006_clip,-1.0,58.8885,139.2538,0.3882,198.6988,291,40.09, -> sharpening pencil (40.1%)
frame_000007_clip,-1.0,58.0941,149.235,0.3081,207.7836,300,81.25, -> shredding paper (81.2%)
frame_000008_clip,-1.0,106.1105,134.2529,0.3577,240.8685,178,74.59, -> knitting (74.6%)
frame_000009_clip,-1.0,82.7372,140.6303,0.2981,223.7843,262,52.33, -> pushing cart (52.3%)
frame_000010_clip,-1.0,58.2313,139.99,0.3518,198.7048,190,73.87, -> making sushi (73.9%)
frame_000011_clip,-1.0,60.5532,160.4276,0.3131,221.4665,14,7.2, -> barbequing (7.2%)
frame_000012_clip,-1.0,58.3496,149.4827,0.4009,208.4012,315,28.09, -> sled dog racing (28.1%)
frame_000013_clip,-1.0,83.6305,139.9998,0.265,224.0109,73,45.77, -> cooking sausages (45.8%)
frame_000014_clip,-1.0,56.7905,136.3317,0.4236,193.717,299,97.4, -> shoveling snow (97.4%)
frame_000015_clip,-1.0,58.336,146.3585,0.6123,205.7091,62,17.57, -> cleaning pool (17.6%)
frame_000016_clip,-1.0,60.8434,143.3051,0.4392,204.7659,299,17.76, -> shoveling snow (17.8%)
frame_000017_clip,-1.0,112.1827,147.0221,0.4536,259.8467,65,32.13, -> cleaning windows (32.1%)
frame_000018_clip,-1.0,59.2805,139.0678,0.3352,198.8285,33,87.16, -> breading or breadcrumbing (87.2%)
frame_000019_clip,-1.0,85.3429,142.8929,0.303,228.6453,202,63.48, -> news anchoring (63.5%)
frame_000020_clip,-1.0,83.718,150.9471,0.3045,235.0992,239,37.83, -> playing organ (37.8%)
frame_000021_clip,-1.0,83.2036,140.1175,0.3227,223.7784,300,21.24, -> shredding paper (21.2%)
frame_000022_clip,-1.0,56.92,149.0223,0.3943,206.5049,60,72.66, -> cleaning floor (72.7%)
frame_000023_clip,-1.0,88.4606,137.5613,0.3487,226.5049,65,54.83, -> cleaning windows (54.8%)
frame_000024_clip,-1.0,60.2371,145.6782,0.4094,206.4991,239,74.34, -> playing organ (74.3%)
frame_000025_clip,-1.0,83.8184,145.4897,0.2542,229.6661,60,44.3, -> cleaning floor (44.3%)
frame_000026_clip,-1.0,87.2253,139.6476,0.2868,227.2654,91,56.75, -> dining (56.7%)
frame_000027_clip,-1.0,56.1124,148.6838,0.303,205.2168,65,80.2, -> cleaning windows (80.2%)
frame_000028_clip,-1.0,56.5179,143.9235,0.286,200.8342,239,43.35, -> playing organ (43.4%)
frame_000029_clip,-1.0,60.2572,144.6788,0.2859,205.3277,249,59.72, -> playing ukulele (59.7%)
frame_000030_clip,-1.0,72.8039,146.4947,0.3364,219.8031,73,15.58, -> cooking sausages (15.6%)
frame_000031_clip,-1.0,60.5301,140.6263,0.3924,201.7162,249,43.04, -> playing ukulele (43.0%)
frame_000032_clip,-1.0,60.3306,149.08,0.4027,209.9842,97,47.82, -> doing nails (47.8%)
frame_000033_clip,-1.0,61.92,134.9114,0.4054,197.4075,249,15.76, -> playing ukulele (15.8%)
frame_000034_clip,-1.0,61.083,152.5891,0.246,214.0236,153,3.49, -> hitting baseball (3.5%)
frame_000035_clip,-1.0,94.8903,145.0851,0.3151,240.4271,131,4.91, -> folding clothes (4.9%)
frame_000036_clip,-1.0,53.5214,133.8663,0.4284,187.9919,266,92.37, -> recording music (92.4%)
frame_000037_clip,-1.0,59.1428,148.2929,0.7091,208.38,250,25.68, -> playing violin (25.7%)
frame_000038_clip,-1.0,79.6063,138.7717,0.3367,218.8519,249,45.14, -> playing ukulele (45.1%)
frame_000039_clip,-1.0,63.9073,144.8442,0.3626,209.2592,178,42.48, -> knitting (42.5%)
frame_000040_clip,-1.0,81.4011,146.7569,0.9884,229.5275,372,30.28, -> unloading truck (30.3%)
frame_000041_clip,-1.0,79.2361,139.9856,3.7405,223.094,369,90.46, -> tying knot (not on a tie) (90.5%)
frame_000042_clip,-1.0,86.4227,153.4364,0.4223,240.4866,73,94.92, -> cooking sausages (94.9%)
frame_000043_clip,-1.0,60.1416,149.922,0.2418,210.4016,29,98.51, -> bookbinding (98.5%)
frame_000044_clip,-1.0,84.4257,141.8363,0.3774,226.7593,327,89.51, -> spray painting (89.5%)
frame_000045_clip,-1.0,86.6371,147.8413,0.3337,234.9596,60,33.96, -> cleaning floor (34.0%)
frame_000046_clip,-1.0,59.6468,132.3463,0.4067,192.5722,184,43.33, -> making a cake (43.3%)
frame_000047_clip,-1.0,61.1963,146.7552,0.2871,208.3572,65,67.81, -> cleaning windows (67.8%)
frame_000048_clip,-1.0,77.6752,134.6019,0.431,212.9014,17,47.61, -> bee keeping (47.6%)
frame_000049_clip,-1.0,60.1572,135.3583,0.3412,196.002,65,31.67, -> cleaning windows (31.7%)
frame_000050_clip,-1.0,65.5329,139.8445,0.3361,205.8605,17,22.65, -> bee keeping (22.6%)
frame_000051_clip,-1.0,60.4425,138.0017,0.3573,198.9531,300,82.12, -> shredding paper (82.1%)
frame_000052_clip,-1.0,60.0092,147.6662,0.2885,208.0909,374,38.25, -> using remote controller (not gaming) (38.3%)
frame_000053_clip,-1.0,109.8501,137.5383,0.3781,247.947,390,89.79, -> weaving basket (89.8%)
frame_000054_clip,-1.0,59.5158,139.0919,0.3304,199.0711,65,90.58, -> cleaning windows (90.6%)
frame_000055_clip,-1.0,56.2182,139.7925,0.2831,196.3992,60,63.35, -> cleaning floor (63.4%)
frame_000056_clip,-1.0,80.3254,136.6872,0.3862,217.5757,60,82.86, -> cleaning floor (82.9%)
frame_000057_clip,-1.0,60.2709,139.8031,0.4099,200.6385,327,74.06, -> spray painting (74.1%)
frame_000058_clip,-1.0,84.2387,127.8454,0.3911,212.6421,249,14.05, -> playing ukulele (14.1%)
frame_000059_clip,-1.0,61.0861,129.8479,0.4135,191.5301,11,71.72, -> baking cookies (71.7%)
frame_000060_clip,-1.0,60.9524,134.8039,0.3953,196.3374,178,41.09, -> knitting (41.1%)
frame_000061_clip,-1.0,61.1787,133.6152,0.2779,195.1801,374,14.58, -> using remote controller (not gaming) (14.6%)
frame_000062_clip,-1.0,114.4934,145.4788,0.5549,260.7987,327,91.94, -> spray painting (91.9%)
frame_000063_clip,-1.0,80.7952,132.6557,0.3083,213.8821,327,83.37, -> spray painting (83.4%)
frame_000064_clip,-1.0,84.071,133.3914,0.3893,218.0443,374,19.58, -> using remote controller (not gaming) (19.6%)
frame_000065_clip,-1.0,86.4274,132.3969,0.5708,219.6451,372,6.91, -> unloading truck (6.9%)
frame_000066_clip,-1.0,59.6169,139.9145,0.3935,200.1103,190,49.05, -> making sushi (49.1%)
frame_000067_clip,-1.0,60.6005,137.1067,0.3124,198.1738,190,88.94, -> making sushi (88.9%)
frame_000068_clip,-1.0,57.9045,130.5958,0.4225,189.1019,379,20.46, -> washing dishes (20.5%)
frame_000069_clip,-1.0,60.9755,137.377,0.4118,198.9312,73,67.32, -> cooking sausages (67.3%)
frame_000070_clip,-1.0,58.5383,133.3269,0.3944,192.4251,300,40.89, -> shredding paper (40.9%)
frame_000071_clip,-1.0,63.1621,131.9794,0.3993,195.6946,33,81.32, -> breading or breadcrumbing (81.3%)
frame_000072_clip,-1.0,60.2954,136.5623,0.4013,197.4127,33,65.93, -> breading or breadcrumbing (65.9%)
frame_000073_clip,-1.0,59.4822,136.2761,0.2921,196.1571,60,29.23, -> cleaning floor (29.2%)
frame_000074_clip,-1.0,61.2563,137.3078,0.2785,198.9483,216,44.62, -> plastering (44.6%)
frame_000075_clip,-1.0,81.4329,125.5547,0.2861,207.3824,284,98.94, -> sanding floor (98.9%)
frame_000076_clip,-1.0,111.0783,128.0295,0.4873,239.813,191,55.67, -> making tea (55.7%)
frame_000077_clip,-1.0,60.0752,140.0944,0.5498,200.9433,60,47.26, -> cleaning floor (47.3%)
frame_000078_clip,-1.0,58.0709,132.7934,0.3332,191.3429,60,81.98, -> cleaning floor (82.0%)
frame_000079_clip,-1.0,61.7553,132.0114,0.3794,194.3112,60,62.99, -> cleaning floor (63.0%)
frame_000080_clip,-1.0,56.8868,162.6511,1.0819,220.881,185,15.64, -> making a sandwich (15.6%)
frame_000081_clip,-1.0,85.8246,129.3106,0.3296,215.5879,60,23.09, -> cleaning floor (23.1%)
frame_000082_clip,-1.0,52.2423,134.6841,0.5791,187.769,33,51.45, -> breading or breadcrumbing (51.5%)
frame_000083_clip,-1.0,59.6066,132.5341,0.5673,192.9286,60,66.44, -> cleaning floor (66.4%)
frame_000084_clip,-1.0,57.9102,137.8937,0.4479,196.4507,49,22.18, -> catching or throwing frisbee (22.2%)
frame_000085_clip,-1.0,60.1852,149.9834,0.4342,210.7759,60,11.61, -> cleaning floor (11.6%)
frame_000086_clip,-1.0,85.9629,137.3561,0.2768,223.7014,327,17.05, -> spray painting (17.1%)
frame_000087_clip,-1.0,54.7203,142.1529,0.3679,197.406,328,56.02, -> spraying (56.0%)
frame_000088_clip,-1.0,61.0772,142.522,0.3481,204.0838,327,83.45, -> spray painting (83.5%)
frame_000089_clip,-1.0,88.2791,135.5476,0.3372,224.3092,49,42.48, -> catching or throwing frisbee (42.5%)
frame_000090_clip,-1.0,92.3698,131.3472,0.3387,224.2088,327,79.4, -> spray painting (79.4%)
frame_000091_clip,-1.0,57.4082,133.3726,0.3638,191.3106,266,11.14, -> recording music (11.1%)
frame_000092_clip,-1.0,59.0463,139.7708,0.3789,199.3581,91,18.78, -> dining (18.8%)
frame_000093_clip,-1.0,58.1249,138.1763,0.3569,196.8013,60,91.98, -> cleaning floor (92.0%)
frame_000094_clip,-1.0,58.9582,142.4896,0.2485,201.8031,60,88.65, -> cleaning floor (88.7%)
frame_000095_clip,-1.0,101.8864,139.1979,0.4291,241.686,91,53.75, -> dining (53.7%)
frame_000096_clip,-1.0,84.0583,132.9362,0.3253,217.376,60,70.74, -> cleaning floor (70.7%)
frame_000097_clip,-1.0,79.2378,143.3398,0.3379,223.082,60,42.23, -> cleaning floor (42.2%)
frame_000098_clip,-1.0,61.5642,125.6458,0.3637,187.728,327,45.62, -> spray painting (45.6%)
frame_000099_clip,-1.0,63.4376,133.445,0.3365,197.37,327,58.44, -> spray painting (58.4%)
frame_000100_clip,-1.0,59.5057,136.3411,0.3021,196.2622,364,72.75, -> trapezing (72.7%)
frame_000101_clip,-1.0,60.6378,130.9246,0.6817,192.6311,60,67.49, -> cleaning floor (67.5%)
frame_000102_clip,-1.0,79.8024,143.6069,0.4054,223.9683,192,81.49, -> marching (81.5%)
frame_000103_clip,-1.0,82.7576,139.7916,0.4169,223.1395,374,57.63, -> using remote controller (not gaming) (57.6%)
frame_000104_clip,-1.0,123.0692,141.3688,0.2981,264.8465,361,97.36, -> tossing coin (97.4%)
frame_000105_clip,-1.0,88.946,144.857,0.2696,234.1275,327,97.43, -> spray painting (97.4%)
frame_000106_clip,-1.0,54.2792,134.1335,0.4119,188.9997,361,46.26, -> tossing coin (46.3%)
frame_000107_clip,-1.0,59.9297,147.1303,0.3613,207.5756,327,84.18, -> spray painting (84.2%)
frame_000108_clip,-1.0,146.2402,142.545,0.3895,289.3277,33,42.04, -> breading or breadcrumbing (42.0%)
frame_000109_clip,-1.0,61.521,133.3758,0.2778,195.2798,60,76.88, -> cleaning floor (76.9%)
frame_000110_clip,-1.0,58.3855,133.8719,3.7035,196.0883,65,95.63, -> cleaning windows (95.6%)
frame_000111_clip,-1.0,54.3768,128.9746,0.3004,183.7906,327,96.05, -> spray painting (96.1%)
frame_000112_clip,-1.0,90.5644,145.0023,0.1717,235.8124,328,62.46, -> spraying (62.5%)
frame_000113_clip,-1.0,65.063,133.2029,0.2869,198.662,327,45.22, -> spray painting (45.2%)
frame_000114_clip,-1.0,61.6046,135.25,0.2889,197.2472,185,88.34, -> making a sandwich (88.3%)
frame_000115_clip,-1.0,54.1891,139.7493,0.424,194.5391,155,94.46, -> holding snake (94.5%)
frame_000116_clip,-1.0,86.693,130.984,0.3303,218.1403,60,50.96, -> cleaning floor (51.0%)
frame_000117_clip,-1.0,65.0467,148.2736,0.4127,213.9034,185,95.18, -> making a sandwich (95.2%)
frame_000118_clip,-1.0,62.1499,128.5496,0.343,191.189,262,12.92, -> pushing cart (12.9%)
frame_000119_clip,-1.0,82.7384,131.0636,0.3939,214.3785,185,94.78, -> making a sandwich (94.8%)
frame_000120_clip,-1.0,64.6071,136.4207,0.3962,201.6245,185,12.15, -> making a sandwich (12.2%)
frame_000121_clip,-1.0,62.2611,128.1226,0.4006,190.9438,63,53.13, -> cleaning shoes (53.1%)
frame_000122_clip,-1.0,107.2485,144.3621,0.3286,252.0647,327,33.17, -> spray painting (33.2%)
frame_000123_clip,-1.0,90.3433,128.701,0.3779,219.5725,327,94.29, -> spray painting (94.3%)
frame_000124_clip,-1.0,89.8784,127.1186,0.3524,217.4949,327,58.05, -> spray painting (58.1%)
frame_000125_clip,-1.0,60.7791,132.6181,0.4188,193.9868,327,65.3, -> spray painting (65.3%)
frame_000126_clip,-1.0,62.357,138.0328,0.1583,200.6184,33,30.23, -> breading or breadcrumbing (30.2%)
frame_000127_clip,-1.0,77.9092,137.0575,0.3394,215.4501,327,25.76, -> spray painting (25.8%)
frame_000128_clip,-1.0,61.2401,131.2712,0.3091,192.9511,126,45.12, -> filling eyebrows (45.1%)
frame_000129_clip,-1.0,59.465,131.2574,0.3412,191.1959,286,30.83, -> scuba diving (30.8%)
frame_000130_clip,-1.0,58.6107,139.0329,0.2846,198.0369,239,53.2, -> playing organ (53.2%)
frame_000131_clip,-1.0,66.8096,130.7503,0.3198,198.016,327,20.74, -> spray painting (20.7%)
frame_000132_clip,-1.0,85.3608,140.1888,0.3822,226.1278,250,51.3, -> playing violin (51.3%)
frame_000133_clip,-1.0,58.8482,133.8218,0.3717,193.1924,377,14.41, -> waiting in line (14.4%)
frame_000134_clip,-1.0,58.7813,134.7508,0.553,194.2483,219,11.01, -> playing bagpipes (11.0%)
frame_000135_clip,-1.0,87.5046,137.7181,0.3468,225.7206,219,32.99, -> playing bagpipes (33.0%)
frame_000136_clip,-1.0,115.9201,127.2832,0.2611,243.5611,347,55.85, -> taking a shower (55.9%)
frame_000137_clip,-1.0,54.9221,137.0295,0.3988,192.5163,65,47.31, -> cleaning windows (47.3%)
frame_000138_clip,-1.0,85.0998,132.9392,0.388,218.6088,65,96.86, -> cleaning windows (96.9%)
frame_000139_clip,-1.0,58.7344,131.8957,0.5811,191.447,91,12.23, -> dining (12.2%)
frame_000140_clip,-1.0,85.8507,138.3923,0.2339,224.5784,202,34.55, -> news anchoring (34.6%)
frame_000141_clip,-1.0,88.1401,128.029,0.4222,216.7608,62,97.16, -> cleaning pool (97.2%)
frame_000142_clip,-1.0,56.8267,139.5688,0.3041,196.8676,327,17.94, -> spray painting (17.9%)
frame_000143_clip,-1.0,60.8486,130.1317,0.4043,191.556,327,38.06, -> spray painting (38.1%)
frame_000144_clip,-1.0,61.2392,132.7058,0.3136,194.3856,327,27.57, -> spray painting (27.6%)
frame_000145_clip,-1.0,86.6511,134.879,0.4461,222.1587,60,39.22, -> cleaning floor (39.2%)
frame_000146_clip,-1.0,60.3754,131.1714,0.4042,192.1162,202,35.56, -> news anchoring (35.6%)
frame_000147_clip,-1.0,61.5295,144.6772,0.3922,206.7683,62,31.22, -> cleaning pool (31.2%)
frame_000148_clip,-1.0,59.6883,129.8242,0.3267,189.9847,65,39.77, -> cleaning windows (39.8%)
frame_000149_clip,-1.0,88.9492,135.697,0.7205,225.6458,65,18.89, -> cleaning windows (18.9%)
frame_000150_clip,-1.0,114.5895,132.5787,0.3429,247.6564,327,13.52, -> spray painting (13.5%)
frame_000151_clip,-1.0,59.9694,144.2725,0.3346,204.724,235,34.31, -> playing ice hockey (34.3%)
frame_000152_clip,-1.0,58.3056,145.6922,0.4061,204.5745,65,42.75, -> cleaning windows (42.7%)
frame_000153_clip,-1.0,57.3503,132.478,0.4144,190.408,327,53.64, -> spray painting (53.6%)
frame_000154_clip,-1.0,60.971,139.2114,0.1778,200.4367,164,49.71, -> ice skating (49.7%)
frame_000155_clip,-1.0,88.0028,130.3838,0.3239,218.8591,235,97.79, -> playing ice hockey (97.8%)
frame_000156_clip,-1.0,62.5046,136.9075,0.3336,199.8926,235,91.59, -> playing ice hockey (91.6%)
frame_000157_clip,-1.0,62.0796,148.5111,0.4934,211.3049,235,93.16, -> playing ice hockey (93.2%)
frame_000158_clip,-1.0,60.2718,131.9651,0.335,192.7038,164,58.8, -> ice skating (58.8%)
frame_000159_clip,-1.0,59.1481,128.8739,0.3953,188.5861,164,33.32, -> ice skating (33.3%)
frame_000160_clip,-1.0,55.0703,133.7119,0.3854,189.3375,60,7.38, -> cleaning floor (7.4%)
frame_000161_clip,-1.0,70.9163,155.4003,0.4804,226.9365,235,42.49, -> playing ice hockey (42.5%)
frame_000162_clip,-1.0,99.694,143.0973,0.2961,243.2014,251,34.29, -> playing volleyball (34.3%)
frame_000163_clip,-1.0,95.2642,136.8654,0.7969,233.0763,251,14.39, -> playing volleyball (14.4%)
frame_000164_clip,-1.0,91.9481,127.694,0.5635,220.4016,49,14.7, -> catching or throwing frisbee (14.7%)
frame_000165_clip,-1.0,75.6674,135.9561,0.2824,212.0149,327,31.9, -> spray painting (31.9%)
frame_000166_clip,-1.0,132.5136,128.9559,0.3577,261.9857,202,42.91, -> news anchoring (42.9%)
frame_000167_clip,-1.0,95.297,139.9592,0.3134,235.6928,79,13.37, -> crying (13.4%)
frame_000168_clip,-1.0,97.47,133.0933,0.4101,231.1535,49,42.88, -> catching or throwing frisbee (42.9%)
frame_000169_clip,-1.0,59.6035,133.8256,0.3379,193.9005,49,3.85, -> catching or throwing frisbee (3.9%)
frame_000170_clip,-1.0,83.6983,141.5942,0.4354,225.9223,78,10.39, -> crossing river (10.4%)
frame_000171_clip,-1.0,61.4704,136.2022,0.4191,198.2747,49,23.51, -> catching or throwing frisbee (23.5%)
frame_000172_clip,-1.0,58.9085,147.9693,0.3333,207.3788,49,5.16, -> catching or throwing frisbee (5.2%)
frame_000173_clip,-1.0,58.8634,134.7315,0.3442,194.0816,60,41.18, -> cleaning floor (41.2%)
frame_000174_clip,-1.0,58.9988,137.66,0.4035,197.2291,65,78.28, -> cleaning windows (78.3%)
frame_000175_clip,-1.0,59.4445,141.4676,0.3502,201.3966,49,64.99, -> catching or throwing frisbee (65.0%)
frame_000176_clip,-1.0,83.1494,127.6222,0.4161,211.3623,327,48.68, -> spray painting (48.7%)
frame_000177_clip,-1.0,86.5181,145.6398,0.3971,232.7255,327,59.43, -> spray painting (59.4%)
frame_000178_clip,-1.0,89.2132,137.6303,0.2765,227.2284,65,55.99, -> cleaning windows (56.0%)
frame_000179_clip,-1.0,81.8417,131.5207,0.3227,213.8173,65,66.27, -> cleaning windows (66.3%)
frame_000180_clip,-1.0,88.7127,138.8151,0.5779,228.3457,65,57.15, -> cleaning windows (57.1%)
frame_000181_clip,-1.0,89.3072,128.8488,0.342,218.63,65,20.43, -> cleaning windows (20.4%)
frame_000182_clip,-1.0,62.4913,143.6087,0.3893,206.6494,327,26.08, -> spray painting (26.1%)
frame_000183_clip,-1.0,92.5328,133.9272,0.2859,226.8602,60,19.37, -> cleaning floor (19.4%)
frame_000184_clip,-1.0,121.8988,133.6669,0.3339,256.0468,60,56.37, -> cleaning floor (56.4%)
frame_000185_clip,-1.0,62.6109,141.6688,0.3368,204.7604,94,14.97, -> dodgeball (15.0%)
frame_000186_clip,-1.0,61.5357,135.3526,0.377,197.4307,327,7.24, -> spray painting (7.2%)
frame_000187_clip,-1.0,61.3769,138.4982,0.3799,200.4304,328,6.52, -> spraying (6.5%)
frame_000188_clip,-1.0,83.5107,137.0507,0.4011,221.1267,66,26.4, -> climbing a rope (26.4%)
frame_000189_clip,-1.0,60.2994,132.1545,0.399,193.0259,327,24.87, -> spray painting (24.9%)
frame_000190_clip,-1.0,60.4212,139.4133,0.3861,200.3831,65,64.21, -> cleaning windows (64.2%)
frame_000191_clip,-1.0,88.784,135.2191,0.507,224.7106,60,26.26, -> cleaning floor (26.3%)
frame_000192_clip,-1.0,64.7726,355.2639,0.2756,420.4181,60,88.37, -> cleaning floor (88.4%)
frame_000193_clip,-1.0,84.8201,194.7462,0.2759,279.9446,60,32.18, -> cleaning floor (32.2%)
frame_000194_clip,-1.0,60.9239,306.4437,0.3528,367.8706,49,75.53, -> catching or throwing frisbee (75.5%)
frame_000195_clip,-1.0,92.2602,309.618,0.4129,402.4674,60,43.31, -> cleaning floor (43.3%)
frame_000196_clip,-1.0,59.5324,282.6286,0.345,342.6525,266,22.17, -> recording music (22.2%)
frame_000197_clip,-1.0,59.7853,162.1731,0.3799,222.4816,327,64.43, -> spray painting (64.4%)
frame_000198_clip,-1.0,57.2384,141.925,0.1605,199.3953,361,8.12, -> tossing coin (8.1%)
frame_000199_clip,-1.0,78.9874,131.9558,0.2977,211.3619,60,26.73, -> cleaning floor (26.7%)
frame_000200_clip,-1.0,57.8304,139.1857,0.3211,197.4851,60,65.77, -> cleaning floor (65.8%)
frame_000201_clip,-1.0,57.6162,137.1281,0.3421,195.2317,35,47.76, -> brush painting (47.8%)
frame_000202_clip,-1.0,62.5663,145.258,0.3974,208.4117,75,29.6, -> country line dancing (29.6%)
frame_000203_clip,-1.0,94.4987,128.2506,0.395,223.3162,306,61.37, -> skateboarding (61.4%)
frame_000204_clip,-1.0,56.8874,134.5634,0.3138,191.8936,49,28.44, -> catching or throwing frisbee (28.4%)
frame_000205_clip,-1.0,89.8757,135.6277,0.2617,225.8792,327,68.72, -> spray painting (68.7%)
frame_000206_clip,-1.0,60.8473,136.394,0.3217,197.6898,327,86.05, -> spray painting (86.1%)
frame_000207_clip,-1.0,90.3212,146.2015,0.2982,236.9445,60,6.59, -> cleaning floor (6.6%)
frame_000208_clip,-1.0,122.6894,131.3703,0.3461,254.553,60,10.21, -> cleaning floor (10.2%)
frame_000209_clip,-1.0,62.3089,128.806,0.352,191.5963,327,43.36, -> spray painting (43.4%)
frame_000210_clip,-1.0,61.8693,135.9235,0.3257,198.2482,266,25.26, -> recording music (25.3%)
frame_000211_clip,-1.0,83.3167,132.0915,0.3882,215.9722,49,58.07, -> catching or throwing frisbee (58.1%)
frame_000212_clip,-1.0,88.1415,143.1417,0.3159,231.729,60,48.63, -> cleaning floor (48.6%)
frame_000213_clip,-1.0,56.2234,136.8444,0.3507,193.5625,130,26.46, -> flying kite (26.5%)
frame_000214_clip,-1.0,80.28,133.6833,0.4195,214.554,306,7.05, -> skateboarding (7.1%)
frame_000215_clip,-1.0,56.879,134.5934,0.5133,192.2986,60,43.65, -> cleaning floor (43.7%)
frame_000216_clip,-1.0,89.3406,133.4583,0.3019,223.2109,60,35.73, -> cleaning floor (35.7%)
frame_000217_clip,-1.0,146.5464,138.1099,0.4028,285.2127,178,7.18, -> knitting (7.2%)
frame_000218_clip,-1.0,58.7674,129.2716,0.3516,188.5493,327,43.66, -> spray painting (43.7%)
frame_000219_clip,-1.0,88.3187,128.3621,0.2927,217.0844,49,32.32, -> catching or throwing frisbee (32.3%)
frame_000220_clip,-1.0,61.4591,138.3538,0.288,200.2076,60,10.6, -> cleaning floor (10.6%)
frame_000221_clip,-1.0,96.9496,138.5921,0.3165,236.0047,327,28.15, -> spray painting (28.2%)
frame_000222_clip,-1.0,57.5426,139.9669,0.3622,198.0202,60,5.01, -> cleaning floor (5.0%)
frame_000223_clip,-1.0,58.5508,130.4196,0.3914,189.5509,364,16.89, -> trapezing (16.9%)
frame_000224_clip,-1.0,59.2145,133.7122,0.3623,193.4206,372,38.34, -> unloading truck (38.3%)
frame_000225_clip,-1.0,58.0169,136.3218,0.3236,194.7873,361,5.38, -> tossing coin (5.4%)
frame_000226_clip,-1.0,102.7136,143.5475,0.3493,246.7578,49,40.24, -> catching or throwing frisbee (40.2%)
frame_000227_clip,-1.0,59.6617,143.8123,0.3951,204.0356,266,6.61, -> recording music (6.6%)
frame_000228_clip,-1.0,57.6912,132.9838,0.4177,191.2666,306,3.66, -> skateboarding (3.7%)
frame_000229_clip,-1.0,57.1229,132.016,0.394,189.7042,202,15.46, -> news anchoring (15.5%)
frame_000230_clip,-1.0,65.4955,142.3956,0.2757,208.2868,266,39.93, -> recording music (39.9%)
frame_000231_clip,-1.0,106.8059,135.1015,0.4166,242.5011,334,1.06, -> stretching leg (1.1%)
frame_000232_clip,-1.0,69.2265,142.4486,0.3082,212.128,202,7.87, -> news anchoring (7.9%)
frame_000233_clip,-1.0,63.6224,132.8253,0.2748,196.8285,327,28.44, -> spray painting (28.4%)
frame_000234_clip,-1.0,61.0385,128.8953,0.2795,190.3182,306,13.04, -> skateboarding (13.0%)
frame_000235_clip,-1.0,95.3601,140.0597,0.3371,235.9009,60,42.16, -> cleaning floor (42.2%)
frame_000236_clip,-1.0,61.0767,143.2975,0.4138,204.9541,65,28.83, -> cleaning windows (28.8%)
frame_000237_clip,-1.0,61.3371,141.04,0.3477,202.8778,186,50.71, -> making bed (50.7%)
frame_000238_clip,-1.0,59.6344,133.2755,0.3467,193.4053,60,29.53, -> cleaning floor (29.5%)
frame_000239_clip,-1.0,61.4845,128.5413,0.3427,190.5008,60,7.59, -> cleaning floor (7.6%)
frame_000240_clip,-1.0,81.8189,137.686,0.4153,220.0854,288,33.56, -> shaking hands (33.6%)
frame_000241_clip,-1.0,61.2939,132.8734,0.3169,194.63,202,24.54, -> news anchoring (24.5%)
frame_000242_clip,-1.0,61.4497,136.9557,0.4043,198.9765,60,73.63, -> cleaning floor (73.6%)
frame_000243_clip,-1.0,60.8893,129.6561,0.4146,191.1443,85,23.51, -> dancing charleston (23.5%)
frame_000244_clip,-1.0,63.1815,131.4619,0.2898,195.0502,31,38.23, -> bowling (38.2%)
frame_000245_clip,-1.0,125.6567,135.5141,0.29,261.5676,60,66.79, -> cleaning floor (66.8%)
frame_000246_clip,-1.0,78.1682,134.6849,0.4022,213.4132,202,34.73, -> news anchoring (34.7%)
frame_000247_clip,-1.0,58.7222,144.9017,0.3828,204.1573,299,20.41, -> shoveling snow (20.4%)
frame_000248_clip,-1.0,59.4637,127.202,0.3235,187.1134,361,7.07, -> tossing coin (7.1%)
frame_000249_clip,-1.0,55.7378,131.7576,0.4714,188.1395,262,53.86, -> pushing cart (53.9%)
frame_000250_clip,-1.0,83.8349,134.6666,0.3643,219.0117,300,44.34, -> shredding paper (44.3%)
frame_000251_clip,-1.0,60.0462,133.4764,0.4525,194.1653,192,41.88, -> marching (41.9%)
frame_000252_clip,-1.0,61.7322,137.9219,0.4204,200.2399,79,31.34, -> crying (31.3%)
frame_000253_clip,-1.0,58.3377,153.581,0.2925,212.3163,31,95.95, -> bowling (95.9%)
frame_000254_clip,-1.0,119.562,142.9173,0.4546,263.1121,306,16.58, -> skateboarding (16.6%)
frame_000255_clip,-1.0,55.9294,136.1454,0.3612,192.5999,262,37.56, -> pushing cart (37.6%)
frame_000256_clip,-1.0,56.5403,139.9719,0.4367,197.1229,306,24.45, -> skateboarding (24.4%)
frame_000257_clip,-1.0,97.4155,141.0089,0.286,238.8568,49,36.69, -> catching or throwing frisbee (36.7%)
frame_000258_clip,-1.0,60.6048,130.9026,0.2849,191.9087,75,63.76, -> country line dancing (63.8%)
frame_000259_clip,-1.0,83.6057,135.2965,0.3374,219.4064,355,18.97, -> texting (19.0%)
frame_000260_clip,-1.0,67.9702,135.298,0.3502,203.7972,60,4.46, -> cleaning floor (4.5%)
frame_000261_clip,-1.0,61.7608,135.0708,0.4156,197.4164,254,17.6, -> presenting weather forecast (17.6%)
frame_000262_clip,-1.0,61.664,141.1593,0.3822,203.3678,306,8.78, -> skateboarding (8.8%)
frame_000263_clip,-1.0,74.5208,133.1534,0.3906,208.2309,49,45.7, -> catching or throwing frisbee (45.7%)
frame_000264_clip,-1.0,61.439,137.2248,0.3378,199.1493,345,21.94, -> sword fighting (21.9%)
frame_000265_clip,-1.0,61.5557,135.9605,0.4164,198.1049,168,6.43, -> jogging (6.4%)
frame_000266_clip,-1.0,90.4703,133.7607,0.4428,224.8572,49,22.52, -> catching or throwing frisbee (22.5%)
frame_000267_clip,-1.0,62.0873,151.0223,0.3059,213.5379,262,6.2, -> pushing cart (6.2%)
frame_000268_clip,-1.0,115.9646,135.0088,0.4662,251.6207,150,37.49, -> headbutting (37.5%)
frame_000269_clip,-1.0,56.7481,136.2513,0.4189,193.6003,266,19.97, -> recording music (20.0%)
frame_000270_clip,-1.0,62.2976,144.4165,0.4188,207.3055,60,50.35, -> cleaning floor (50.3%)
frame_000271_clip,-1.0,58.6426,139.6081,0.4282,198.8549,266,16.05, -> recording music (16.1%)
frame_000272_clip,-1.0,62.7572,139.2924,0.2895,202.4629,79,7.98, -> crying (8.0%)
frame_000273_clip,-1.0,57.9244,136.4631,0.3294,194.8612,85,21.84, -> dancing charleston (21.8%)
frame_000274_clip,-1.0,58.1779,140.8484,0.4061,199.5975,308,36.94, -> skiing (not slalom or crosscountry) (36.9%)
frame_000275_clip,-1.0,58.9842,133.149,0.3928,192.6776,254,22.02, -> presenting weather forecast (22.0%)
frame_000276_clip,-1.0,86.5584,130.8262,0.3151,217.8454,91,14.79, -> dining (14.8%)
frame_000277_clip,-1.0,69.0117,137.911,0.4032,207.4932,60,15.47, -> cleaning floor (15.5%)
frame_000278_clip,-1.0,63.4956,125.4317,0.341,189.4317,31,44.34, -> bowling (44.3%)
frame_000279_clip,-1.0,61.7726,131.7043,0.4162,194.066,266,10.05, -> recording music (10.0%)
frame_000280_clip,-1.0,61.6854,133.0214,0.3041,195.1202,202,87.82, -> news anchoring (87.8%)
frame_000281_clip,-1.0,63.9638,134.8952,0.411,199.4624,176,44.5, -> kissing (44.5%)
frame_000282_clip,-1.0,97.9129,141.8073,0.684,240.7179,91,21.16, -> dining (21.2%)
frame_000283_clip,-1.0,60.149,146.3093,0.362,206.9631,269,8.89, -> riding elephant (8.9%)
frame_000284_clip,-1.0,60.3924,133.5485,0.4344,194.5368,32,48.6, -> braiding hair (48.6%)
frame_000285_clip,-1.0,59.7145,137.1677,0.3357,197.3527,239,41.37, -> playing organ (41.4%)
frame_000286_clip,-1.0,59.3508,143.8107,0.1719,203.4036,364,37.6, -> trapezing (37.6%)
frame_000287_clip,-1.0,66.2435,149.2314,0.4273,216.0699,225,13.27, -> playing clarinet (13.3%)
frame_000288_clip,-1.0,91.6805,132.4121,0.3632,224.6093,266,25.68, -> recording music (25.7%)
frame_000289_clip,-1.0,62.833,135.6932,0.3338,198.9938,365,41.63, -> trimming or shaving beard (41.6%)
frame_000290_clip,-1.0,59.2128,136.743,0.2615,196.3134,290,68.99, -> sharpening knives (69.0%)
frame_000291_clip,-1.0,58.8753,132.0436,0.508,191.6669,131,47.75, -> folding clothes (47.8%)
frame_000292_clip,-1.0,87.967,146.6316,0.3951,235.158,266,70.15, -> recording music (70.1%)
frame_000293_clip,-1.0,58.8594,137.2034,0.3868,196.6174,290,89.07, -> sharpening knives (89.1%)
frame_000294_clip,-1.0,61.1632,137.5162,0.4118,199.2566,57,40.94, -> clapping (40.9%)
frame_000295_clip,-1.0,63.0697,141.9637,0.3489,205.5299,266,14.56, -> recording music (14.6%)
frame_000296_clip,-1.0,102.731,135.5012,0.4491,238.8557,256,35.14, -> pumping fist (35.1%)
frame_000297_clip,-1.0,89.162,145.4962,0.3793,235.2048,259,26.45, -> punching person (boxing) (26.4%)
frame_000298_clip,-1.0,59.2524,137.2638,0.3202,196.9681,356,55.85, -> throwing axe (55.8%)
frame_000299_clip,-1.0,61.3015,138.827,0.3852,200.6892,327,32.38, -> spray painting (32.4%)
frame_000300_clip,-1.0,61.0041,159.744,0.3926,221.3319,266,94.31, -> recording music (94.3%)
frame_000301_clip,-1.0,89.6667,135.4291,0.3126,225.5375,202,13.08, -> news anchoring (13.1%)
frame_000302_clip,-1.0,87.6278,145.4627,0.3205,233.5438,202,12.66, -> news anchoring (12.7%)
frame_000303_clip,-1.0,63.2448,137.0608,0.3824,200.8415,35,18.03, -> brush painting (18.0%)
frame_000304_clip,-1.0,83.7526,146.9771,0.1732,230.9753,356,65.95, -> throwing axe (66.0%)
frame_000305_clip,-1.0,71.6554,143.5829,0.7227,216.3065,219,58.69, -> playing bagpipes (58.7%)
frame_000306_clip,-1.0,81.1542,133.1269,0.3544,214.7672,202,8.25, -> news anchoring (8.3%)
frame_000307_clip,-1.0,62.6089,144.3714,0.3294,207.4316,176,68.6, -> kissing (68.6%)
frame_000308_clip,-1.0,58.8223,137.0483,0.377,196.3716,303,40.06, -> sign language interpreting (40.1%)
frame_000309_clip,-1.0,102.7064,145.3161,0.6458,249.0439,288,8.7, -> shaking hands (8.7%)
frame_000310_clip,-1.0,60.0194,148.3725,0.5932,209.2058,131,65.13, -> folding clothes (65.1%)
frame_000311_clip,-1.0,66.601,139.5621,0.8828,207.1296,14,14.26, -> barbequing (14.3%)
frame_000312_clip,-1.0,56.1675,141.3467,0.4335,198.1203,290,46.86, -> sharpening knives (46.9%)
frame_000313_clip,-1.0,57.2522,147.4836,0.2474,205.0932,361,41.25, -> tossing coin (41.2%)
frame_000314_clip,-1.0,101.3217,138.6674,0.3542,240.4902,16,9.44, -> beatboxing (9.4%)
frame_000315_clip,-1.0,61.2812,136.4894,0.3217,198.2404,106,55.14, -> drumming fingers (55.1%)
frame_000316_clip,-1.0,61.258,138.7202,0.4115,200.5567,377,23.31, -> waiting in line (23.3%)
frame_000317_clip,-1.0,62.9737,150.0115,0.3568,213.4872,3,29.3, -> applauding (29.3%)
frame_000318_clip,-1.0,58.5555,138.3237,0.289,197.2984,356,48.44, -> throwing axe (48.4%)
frame_000319_clip,-1.0,62.2093,144.7818,0.338,207.4731,224,12.9, -> playing chess (12.9%)
frame_000320_clip,-1.0,60.4987,137.3263,0.3217,198.2776,176,23.46, -> kissing (23.5%)
frame_000321_clip,-1.0,61.8869,144.8054,0.3665,207.2251,91,47.02, -> dining (47.0%)
frame_000322_clip,-1.0,72.3885,144.0049,0.4237,217.0019,190,63.16, -> making sushi (63.2%)
frame_000323_clip,-1.0,87.4735,149.797,0.4173,237.8503,44,21.64, -> carrying baby (21.6%)
frame_000324_clip,-1.0,60.1067,137.3971,0.3921,198.089,60,35.47, -> cleaning floor (35.5%)
frame_000325_clip,-1.0,62.5645,131.6548,0.3989,194.7694,60,63.72, -> cleaning floor (63.7%)
frame_000326_clip,-1.0,84.1125,138.4932,0.3467,223.1144,60,31.73, -> cleaning floor (31.7%)
frame_000327_clip,-1.0,87.9178,141.4109,0.3687,229.843,60,48.72, -> cleaning floor (48.7%)
frame_000328_clip,-1.0,85.484,132.5451,0.3563,218.5176,60,71.86, -> cleaning floor (71.9%)
frame_000329_clip,-1.0,62.3858,129.3295,0.2763,192.0942,177,9.17, -> kitesurfing (9.2%)
frame_000330_clip,-1.0,88.6037,133.9771,0.4018,223.162,266,27.3, -> recording music (27.3%)
frame_000331_clip,-1.0,61.4803,148.1743,0.3038,210.0869,65,36.14, -> cleaning windows (36.1%)
frame_000332_clip,-1.0,85.5841,139.0941,0.3983,225.2621,60,27.23, -> cleaning floor (27.2%)
frame_000333_clip,-1.0,57.0308,126.9279,0.3535,184.4586,327,96.03, -> spray painting (96.0%)
frame_000334_clip,-1.0,61.3426,130.3745,0.336,192.227,327,30.73, -> spray painting (30.7%)
frame_000335_clip,-1.0,61.7197,131.0974,0.3833,193.3523,327,77.66, -> spray painting (77.7%)
frame_000336_clip,-1.0,85.9487,138.9099,0.2353,225.2032,0,30.81, -> abseiling (30.8%)
frame_000337_clip,-1.0,114.099,143.9519,0.4062,258.6243,91,27.66, -> dining (27.7%)
frame_000338_clip,-1.0,59.2487,132.5197,0.3438,192.2459,266,37.02, -> recording music (37.0%)
frame_000339_clip,-1.0,60.7861,133.221,0.3856,194.5584,327,97.14, -> spray painting (97.1%)
frame_000340_clip,-1.0,59.1427,142.3684,0.2883,201.9059,49,74.89, -> catching or throwing frisbee (74.9%)
frame_000341_clip,-1.0,86.0907,131.8699,0.3855,218.5207,327,27.18, -> spray painting (27.2%)
frame_000342_clip,-1.0,87.283,139.9113,0.5112,227.9945,327,15.41, -> spray painting (15.4%)
frame_000343_clip,-1.0,60.251,130.6553,0.3157,191.3684,78,20.37, -> crossing river (20.4%)
frame_000344_clip,-1.0,67.871,135.0945,0.4018,203.5601,60,26.96, -> cleaning floor (27.0%)
frame_000345_clip,-1.0,63.4588,142.9471,0.4369,207.0167,78,41.53, -> crossing river (41.5%)
frame_000346_clip,-1.0,102.3608,133.957,0.3354,236.7896,202,77.02, -> news anchoring (77.0%)
frame_000347_clip,-1.0,63.1327,144.025,0.3842,207.7068,327,99.94, -> spray painting (99.9%)
frame_000348_clip,-1.0,59.8072,133.0453,0.3976,193.4229,327,90.55, -> spray painting (90.5%)
frame_000349_clip,-1.0,84.1635,133.368,0.3556,218.0342,327,90.62, -> spray painting (90.6%)
frame_000350_clip,-1.0,65.6301,129.62,0.4252,195.8452,75,44.11, -> country line dancing (44.1%)
frame_000351_clip,-1.0,80.7504,134.4526,0.4513,215.8459,327,81.46, -> spray painting (81.5%)
frame_000352_clip,-1.0,92.9885,145.2211,0.4074,238.7732,327,83.5, -> spray painting (83.5%)
frame_000353_clip,-1.0,61.4017,134.0373,0.2671,195.8228,49,52.51, -> catching or throwing frisbee (52.5%)
frame_000354_clip,-1.0,82.6684,143.7058,0.4125,226.9546,49,80.86, -> catching or throwing frisbee (80.9%)
frame_000355_clip,-1.0,130.1948,143.8142,0.4154,274.6101,60,75.93, -> cleaning floor (75.9%)
frame_000356_clip,-1.0,62.7311,136.1862,0.4261,199.5553,60,46.81, -> cleaning floor (46.8%)
frame_000357_clip,-1.0,61.1824,138.5717,0.3993,200.332,202,62.27, -> news anchoring (62.3%)
frame_000358_clip,-1.0,63.0803,127.0726,0.3116,190.5971,65,65.52, -> cleaning windows (65.5%)
frame_000359_clip,-1.0,58.8213,133.4026,0.3505,192.698,60,20.93, -> cleaning floor (20.9%)
frame_000360_clip,-1.0,81.417,138.6931,0.3329,220.5873,60,93.19, -> cleaning floor (93.2%)
frame_000361_clip,-1.0,59.3482,139.0814,0.4141,199.0222,60,70.89, -> cleaning floor (70.9%)
frame_000362_clip,-1.0,62.7205,141.5368,0.3584,204.782,239,60.69, -> playing organ (60.7%)
frame_000363_clip,-1.0,91.6302,142.9736,0.354,235.1313,60,32.95, -> cleaning floor (32.9%)
frame_000364_clip,-1.0,122.5153,138.1434,0.4131,261.2486,73,89.06, -> cooking sausages (89.1%)
frame_000365_clip,-1.0,86.8636,138.1373,0.2951,225.4036,202,38.76, -> news anchoring (38.8%)
frame_000366_clip,-1.0,82.7308,148.709,0.4812,232.1229,291,40.09, -> sharpening pencil (40.1%)
frame_000367_clip,-1.0,61.6574,148.5534,0.3526,210.7288,300,81.25, -> shredding paper (81.2%)
frame_000368_clip,-1.0,120.6534,143.4337,0.4037,264.6565,178,74.59, -> knitting (74.6%)
frame_000369_clip,-1.0,90.3259,134.1091,0.3006,224.8506,131,80.77, -> folding clothes (80.8%)
frame_000370_clip,-1.0,58.217,138.0025,0.4075,196.8234,190,73.87, -> making sushi (73.9%)
frame_000371_clip,-1.0,87.0762,139.333,0.4044,226.9765,14,7.2, -> barbequing (7.2%)
frame_000372_clip,-1.0,60.8617,143.3129,0.3294,204.6341,91,60.69, -> dining (60.7%)
frame_000373_clip,-1.0,88.2016,138.7955,0.4267,227.5991,322,37.83, -> snowboarding (37.8%)
frame_000374_clip,-1.0,60.1206,137.314,0.3985,198.0102,14,56.48, -> barbequing (56.5%)
frame_000375_clip,-1.0,58.5136,141.5611,0.3822,200.6224,300,28.5, -> shredding paper (28.5%)
frame_000376_clip,-1.0,90.5609,142.5878,0.4665,233.7708,33,28.17, -> breading or breadcrumbing (28.2%)
frame_000377_clip,-1.0,125.3337,153.7749,0.2805,279.4986,202,19.28, -> news anchoring (19.3%)
frame_000378_clip,-1.0,86.1468,140.7581,0.3825,227.4531,300,74.77, -> shredding paper (74.8%)
frame_000379_clip,-1.0,87.3881,140.9204,0.3984,228.9121,91,60.89, -> dining (60.9%)
frame_000380_clip,-1.0,85.0907,153.8274,0.272,239.3049,266,53.77, -> recording music (53.8%)
frame_000381_clip,-1.0,119.5129,138.7441,0.4056,258.8217,300,43.93, -> shredding paper (43.9%)
frame_000382_clip,-1.0,62.718,154.2534,0.4064,217.5494,65,54.83, -> cleaning windows (54.8%)
frame_000383_clip,-1.0,61.3372,146.0154,0.409,207.9348,373,11.17, -> using computer (11.2%)
frame_000384_clip,-1.0,63.5088,138.2558,0.4032,202.3301,250,35.5, -> playing violin (35.5%)
frame_000385_clip,-1.0,75.0441,137.4043,0.667,213.4416,65,29.52, -> cleaning windows (29.5%)
frame_000386_clip,-1.0,60.2856,140.4698,0.5824,201.5944,91,85.57, -> dining (85.6%)
frame_000387_clip,-1.0,59.671,149.3954,0.4146,209.6904,239,90.1, -> playing organ (90.1%)
frame_000388_clip,-1.0,58.9925,137.2255,0.434,196.8301,374,28.5, -> using remote controller (not gaming) (28.5%)
frame_000389_clip,-1.0,88.6323,144.0145,0.2802,233.0457,249,10.51, -> playing ukulele (10.5%)
frame_000390_clip,-1.0,102.6411,136.4801,0.4267,239.7314,290,5.02, -> sharpening knives (5.0%)
frame_000391_clip,-1.0,56.646,143.2336,0.3765,200.4022,249,84.65, -> playing ukulele (84.6%)
frame_000392_clip,-1.0,57.1806,150.1139,0.3595,207.8216,291,9.61, -> sharpening pencil (9.6%)
frame_000393_clip,-1.0,60.0835,142.0488,0.4352,202.7356,107,4.67, -> dunking basketball (4.7%)
frame_000394_clip,-1.0,103.2047,144.0477,0.3371,247.735,153,18.05, -> hitting baseball (18.1%)
frame_000395_clip,-1.0,71.5619,139.3816,0.9906,212.2269,266,92.37, -> recording music (92.4%)
frame_000396_clip,-1.0,60.6082,141.5064,0.5573,202.9577,250,25.68, -> playing violin (25.7%)
frame_000397_clip,-1.0,59.6193,139.4503,0.5847,199.9128,249,45.14, -> playing ukulele (45.1%)
frame_000398_clip,-1.0,61.8534,149.156,0.2226,211.3241,262,33.95, -> pushing cart (34.0%)
frame_000399_clip,-1.0,76.3247,138.3265,0.3199,215.1216,29,52.42, -> bookbinding (52.4%)
frame_000400_clip,-1.0,66.6133,148.3479,0.4151,215.5317,219,35.33, -> playing bagpipes (35.3%)
frame_000401_clip,-1.0,63.661,145.6911,0.3179,209.8019,73,94.92, -> cooking sausages (94.9%)
frame_000402_clip,-1.0,98.2142,147.0751,0.3627,245.8276,327,41.61, -> spray painting (41.6%)
frame_000403_clip,-1.0,118.8175,138.1406,0.4535,257.6343,60,64.23, -> cleaning floor (64.2%)
frame_000404_clip,-1.0,57.3551,135.0591,0.5557,193.1953,60,33.96, -> cleaning floor (34.0%)
frame_000405_clip,-1.0,92.2364,137.4115,0.2922,230.0472,49,16.8, -> catching or throwing frisbee (16.8%)
frame_000406_clip,-1.0,88.1826,141.7355,0.3506,230.4154,65,67.81, -> cleaning windows (67.8%)
frame_000407_clip,-1.0,61.336,144.7498,0.3455,206.5723,17,47.61, -> bee keeping (47.6%)
frame_000408_clip,-1.0,60.4046,141.3998,0.427,202.4174,65,31.67, -> cleaning windows (31.7%)
frame_000409_clip,-1.0,59.4151,141.5561,0.3305,201.4334,17,22.65, -> bee keeping (22.6%)
frame_000410_clip,-1.0,96.7841,161.0648,0.3974,258.4234,300,82.12, -> shredding paper (82.1%)
frame_000411_clip,-1.0,85.5413,144.4461,0.3439,230.4672,11,39.99, -> baking cookies (40.0%)
frame_000412_clip,-1.0,113.4026,142.3993,0.4371,256.4209,38,77.84, -> building cabinet (77.8%)
frame_000413_clip,-1.0,59.2369,140.8078,0.2884,200.4386,65,88.79, -> cleaning windows (88.8%)
frame_000414_clip,-1.0,61.529,135.1757,0.3651,197.203,60,57.97, -> cleaning floor (58.0%)
frame_000415_clip,-1.0,60.4123,137.6953,0.3864,198.6445,74,37.11, -> counting money (37.1%)
frame_000416_clip,-1.0,58.9614,137.6135,0.3042,196.9878,216,24.35, -> plastering (24.4%)
frame_000417_clip,-1.0,80.9681,142.4557,0.4283,224.0363,327,53.71, -> spray painting (53.7%)
frame_000418_clip,-1.0,65.7937,150.8995,0.4253,217.302,11,31.82, -> baking cookies (31.8%)
frame_000419_clip,-1.0,59.3194,139.0204,0.7458,199.4468,216,68.51, -> plastering (68.5%)
frame_000420_clip,-1.0,62.9924,145.5906,0.3807,209.1144,216,63.08, -> plastering (63.1%)
frame_000421_clip,-1.0,104.3666,132.6352,0.3527,237.5056,216,22.51, -> plastering (22.5%)
frame_000422_clip,-1.0,81.5008,137.0145,0.3433,219.0036,327,64.24, -> spray painting (64.2%)
frame_000423_clip,-1.0,88.1242,134.4746,0.4106,223.1845,145,17.61, -> grooming dog (17.6%)
frame_000424_clip,-1.0,86.5814,136.7888,0.3379,223.8403,190,19.73, -> making sushi (19.7%)
frame_000425_clip,-1.0,116.8679,137.8385,0.327,255.1554,190,35.08, -> making sushi (35.1%)
frame_000426_clip,-1.0,61.4784,133.9999,0.6305,196.3573,300,16.3, -> shredding paper (16.3%)
frame_000427_clip,-1.0,79.6704,135.1718,0.2801,215.233,328,50.79, -> spraying (50.8%)
frame_000428_clip,-1.0,57.4864,134.8832,0.3128,192.732,300,40.89, -> shredding paper (40.9%)
frame_000429_clip,-1.0,56.6123,132.1152,0.299,189.148,33,81.32, -> breading or breadcrumbing (81.3%)
frame_000430_clip,-1.0,109.956,134.572,0.3872,245.0817,300,61.67, -> shredding paper (61.7%)
frame_000431_clip,-1.0,60.6213,130.4944,0.4489,191.7433,60,29.23, -> cleaning floor (29.2%)
frame_000432_clip,-1.0,61.7615,132.8596,0.3912,195.1601,216,44.62, -> plastering (44.6%)
frame_000433_clip,-1.0,62.9016,132.2852,0.2864,195.5786,284,98.94, -> sanding floor (98.9%)
frame_000434_clip,-1.0,60.7397,131.1406,0.3821,192.3941,191,55.67, -> making tea (55.7%)
frame_000435_clip,-1.0,77.203,136.5885,0.2847,214.1834,200,43.31, -> moving furniture (43.3%)
frame_000436_clip,-1.0,87.9407,164.0641,0.4325,252.6128,60,81.98, -> cleaning floor (82.0%)
frame_000437_clip,-1.0,87.2105,130.0188,0.3124,217.6585,60,62.99, -> cleaning floor (63.0%)
frame_000438_clip,-1.0,73.3314,134.6431,0.2691,208.3583,13,10.26, -> bandaging (10.3%)
frame_000439_clip,-1.0,118.3519,135.3226,0.3397,254.136,379,18.53, -> washing dishes (18.5%)
frame_000440_clip,-1.0,87.5017,133.5927,0.3139,221.5581,33,51.45, -> breading or breadcrumbing (51.5%)
frame_000441_clip,-1.0,58.3768,135.2805,0.288,194.0582,91,7.33, -> dining (7.3%)
frame_000442_clip,-1.0,83.4509,137.4722,0.4161,221.5092,327,79.27, -> spray painting (79.3%)
frame_000443_clip,-1.0,75.5871,125.8392,0.3568,201.9303,49,17.3, -> catching or throwing frisbee (17.3%)
frame_000444_clip,-1.0,57.2365,134.0156,0.3816,191.7838,60,22.61, -> cleaning floor (22.6%)
frame_000445_clip,-1.0,58.8934,135.4352,0.2795,194.7112,327,53.86, -> spray painting (53.9%)
frame_000446_clip,-1.0,58.4024,136.4558,0.3439,195.3281,361,31.12, -> tossing coin (31.1%)
frame_000447_clip,-1.0,86.8232,146.2989,0.358,233.6451,49,23.37, -> catching or throwing frisbee (23.4%)
frame_000448_clip,-1.0,97.0227,159.5614,0.4066,257.1469,60,79.59, -> cleaning floor (79.6%)
frame_000449_clip,-1.0,59.1628,134.021,0.2815,193.5704,241,9.18, -> playing piano (9.2%)
frame_000450_clip,-1.0,59.8012,134.0016,0.3409,194.2741,60,96.08, -> cleaning floor (96.1%)
frame_000451_clip,-1.0,63.7051,132.4536,0.4418,196.785,60,93.92, -> cleaning floor (93.9%)
frame_000452_clip,-1.0,85.5878,139.9513,0.3965,226.0897,327,94.82, -> spray painting (94.8%)
frame_000453_clip,-1.0,86.137,136.4631,0.3602,223.1036,49,19.89, -> catching or throwing frisbee (19.9%)
frame_000454_clip,-1.0,59.1703,136.4135,0.365,196.1047,327,73.04, -> spray painting (73.0%)
frame_000455_clip,-1.0,58.2607,138.9378,0.3552,197.7036,327,99.03, -> spray painting (99.0%)
frame_000456_clip,-1.0,59.2101,144.8319,0.3872,204.6153,65,40.74, -> cleaning windows (40.7%)
frame_000457_clip,-1.0,74.2884,141.5574,0.4168,216.4406,266,31.44, -> recording music (31.4%)
frame_000458_clip,-1.0,87.7159,132.0983,0.327,220.264,327,80.25, -> spray painting (80.2%)
frame_000459_clip,-1.0,80.6436,132.8621,0.3207,213.9467,224,33.68, -> playing chess (33.7%)
frame_000460_clip,-1.0,94.3415,142.2408,0.3608,237.0894,91,48.07, -> dining (48.1%)
frame_000461_clip,-1.0,84.4757,122.4013,0.1704,207.1353,122,9.75, -> faceplanting (9.7%)
frame_000462_clip,-1.0,82.5338,143.0662,0.2726,225.9921,91,20.13, -> dining (20.1%)
frame_000463_clip,-1.0,61.664,129.7704,0.4088,192.0101,327,71.32, -> spray painting (71.3%)
frame_000464_clip,-1.0,58.2818,131.0688,0.417,189.9439,361,46.26, -> tossing coin (46.3%)
frame_000465_clip,-1.0,90.0398,144.714,0.4049,235.333,60,97.74, -> cleaning floor (97.7%)
frame_000466_clip,-1.0,118.1591,129.5486,0.5595,248.4878,327,36.72, -> spray painting (36.7%)
frame_000467_clip,-1.0,82.7366,137.9792,0.304,221.1527,60,76.88, -> cleaning floor (76.9%)
frame_000468_clip,-1.0,62.0918,126.5846,0.3564,189.1934,327,45.04, -> spray painting (45.0%)
frame_000469_clip,-1.0,86.4269,133.4122,0.3867,220.4162,65,63.98, -> cleaning windows (64.0%)
frame_000470_clip,-1.0,72.4416,131.257,0.1726,203.9501,328,59.71, -> spraying (59.7%)
frame_000471_clip,-1.0,84.5656,139.9944,0.3702,225.076,124,74.35, -> feeding fish (74.4%)
frame_000472_clip,-1.0,60.5182,142.7783,0.4131,203.8837,60,31.59, -> cleaning floor (31.6%)
frame_000473_clip,-1.0,88.8577,132.4234,0.4869,221.8521,185,58.79, -> making a sandwich (58.8%)
frame_000474_clip,-1.0,91.5745,149.2684,0.397,241.4406,178,68.51, -> knitting (68.5%)
frame_000475_clip,-1.0,97.1333,137.5908,0.2659,235.0849,390,46.42, -> weaving basket (46.4%)
frame_000476_clip,-1.0,61.5347,135.3974,0.3395,197.4199,185,94.78, -> making a sandwich (94.8%)
frame_000477_clip,-1.0,58.3893,142.1763,0.4063,201.1507,47,27.29, -> catching fish (27.3%)
frame_000478_clip,-1.0,89.1579,127.7234,0.3123,217.3271,65,11.61, -> cleaning windows (11.6%)
frame_000479_clip,-1.0,64.1076,122.9143,0.171,187.2683,327,33.17, -> spray painting (33.2%)
frame_000480_clip,-1.0,66.53,133.5697,0.4484,200.7287,327,94.29, -> spray painting (94.3%)
frame_000481_clip,-1.0,90.1684,137.0205,0.3468,227.6722,33,37.35, -> breading or breadcrumbing (37.4%)
frame_000482_clip,-1.0,63.1527,141.2151,0.3239,204.8338,327,34.04, -> spray painting (34.0%)
frame_000483_clip,-1.0,61.0471,138.6182,0.4152,200.2892,327,52.04, -> spray painting (52.0%)
frame_000484_clip,-1.0,69.3858,126.6707,0.3936,196.647,29,58.07, -> bookbinding (58.1%)
frame_000485_clip,-1.0,85.8867,132.5731,0.3214,218.9248,361,27.94, -> tossing coin (27.9%)
frame_000486_clip,-1.0,60.1231,134.7864,0.398,195.5037,35,41.15, -> brush painting (41.2%)
frame_000487_clip,-1.0,62.0466,149.3508,0.3474,211.8933,225,22.93, -> playing clarinet (22.9%)
frame_000488_clip,-1.0,60.9427,135.7227,0.3124,197.1094,62,30.62, -> cleaning pool (30.6%)
frame_000489_clip,-1.0,58.1121,131.0671,0.3434,189.6538,250,51.3, -> playing violin (51.3%)
frame_000490_clip,-1.0,86.7835,134.9909,0.3507,222.2719,239,76.86, -> playing organ (76.9%)
frame_000491_clip,-1.0,58.1172,134.0608,0.3904,192.7362,234,60.66, -> playing harp (60.7%)
frame_000492_clip,-1.0,63.3385,140.2975,0.3374,204.121,219,32.99, -> playing bagpipes (33.0%)
frame_000493_clip,-1.0,59.348,135.4756,0.2952,195.2438,65,30.28, -> cleaning windows (30.3%)
frame_000494_clip,-1.0,115.2524,136.6941,0.3851,252.5091,65,94.53, -> cleaning windows (94.5%)
frame_000495_clip,-1.0,62.6287,136.3497,0.283,199.3616,65,96.86, -> cleaning windows (96.9%)
frame_000496_clip,-1.0,81.245,135.6174,0.3891,217.4018,327,21.11, -> spray painting (21.1%)
frame_000497_clip,-1.0,88.482,149.407,0.4474,238.5266,202,34.55, -> news anchoring (34.6%)
frame_000498_clip,-1.0,92.0289,136.2779,0.4117,228.8752,327,68.36, -> spray painting (68.4%)
frame_000499_clip,-1.0,62.9939,127.0882,0.2872,190.4812,327,17.94, -> spray painting (17.9%)
frame_000500_clip,-1.0,80.42,139.9304,0.3898,220.9109,327,38.06, -> spray painting (38.1%)
frame_000501_clip,-1.0,85.2464,134.8107,0.5597,220.8915,327,27.57, -> spray painting (27.6%)
frame_000502_clip,-1.0,61.1274,132.0707,0.1809,193.4524,60,39.22, -> cleaning floor (39.2%)
frame_000503_clip,-1.0,59.4576,138.1187,0.3808,198.1232,202,35.56, -> news anchoring (35.6%)
frame_000504_clip,-1.0,58.8959,130.7568,0.3841,190.2,62,31.22, -> cleaning pool (31.2%)
frame_000505_clip,-1.0,59.6448,133.4697,0.2862,193.5294,65,39.77, -> cleaning windows (39.8%)
frame_000506_clip,-1.0,76.4544,128.8915,0.3822,205.8772,65,18.89, -> cleaning windows (18.9%)
frame_000507_clip,-1.0,83.6033,139.0687,0.3813,223.2194,327,13.52, -> spray painting (13.5%)
frame_000508_clip,-1.0,59.1922,135.4663,0.3397,195.1442,235,34.12, -> playing ice hockey (34.1%)
frame_000509_clip,-1.0,61.2488,130.9194,0.3379,192.656,65,15.5, -> cleaning windows (15.5%)
frame_000510_clip,-1.0,59.4115,134.9783,0.3329,194.8536,60,54.05, -> cleaning floor (54.1%)
frame_000511_clip,-1.0,62.0035,134.0189,0.2905,196.4201,164,30.45, -> ice skating (30.5%)
frame_000512_clip,-1.0,62.878,138.2839,0.3095,201.5915,164,63.32, -> ice skating (63.3%)
frame_000513_clip,-1.0,84.24,137.5516,0.3955,222.3851,235,95.89, -> playing ice hockey (95.9%)
frame_000514_clip,-1.0,61.6548,137.8675,0.4336,200.1537,235,54.36, -> playing ice hockey (54.4%)
frame_000515_clip,-1.0,59.2696,129.5182,0.4176,189.3752,235,91.5, -> playing ice hockey (91.5%)
frame_000516_clip,-1.0,59.0256,135.4729,0.2907,194.8993,235,61.41, -> playing ice hockey (61.4%)
frame_000517_clip,-1.0,106.9639,143.4339,0.4514,251.0442,60,7.38, -> cleaning floor (7.4%)
frame_000518_clip,-1.0,72.6644,158.388,0.2563,231.4249,235,42.49, -> playing ice hockey (42.5%)
