timestamp,timestamp_iso,gpu_index,gpu_name,power_draw_w,power_limit_w,util_gpu_percent,util_mem_percent,mem_used_mb,temp_c
1780348225108,2026-06-01T21:10:25.108793+00:00,0,NVIDIA GeForce RTX 5080 Laptop GPU,16.58,80.0,0,0,970.12,39
1780348226108,2026-06-01T21:10:26.108859+00:00,0,NVIDIA GeForce RTX 5080 Laptop GPU,18.14,80.0,0,0,970.12,40
1780348227109,2026-06-01T21:10:27.109053+00:00,0,NVIDIA GeForce RTX 5080 Laptop GPU,21.28,80.0,3,0,970.12,39
1780348228109,2026-06-01T21:10:28.109256+00:00,0,NVIDIA GeForce RTX 5080 Laptop GPU,21.04,80.0,3,0,970.12,39
1780348229109,2026-06-01T21:10:29.109333+00:00,0,NVIDIA GeForce RTX 5080 Laptop GPU,21.84,80.0,6,1,970.12,40
1780348230109,2026-06-01T21:10:30.109517+00:00,0,NVIDIA GeForce RTX 5080 Laptop GPU,21.41,80.0,6,1,970.12,39
1780348231109,2026-06-01T21:10:31.109646+00:00,0,NVIDIA GeForce RTX 5080 Laptop GPU,21.11,80.0,3,0,970.12,39
1780348232109,2026-06-01T21:10:32.109826+00:00,0,NVIDIA GeForce RTX 5080 Laptop GPU,20.5,80.0,3,0,970.12,39
1780348233110,2026-06-01T21:10:33.110028+00:00,0,NVIDIA GeForce RTX 5080 Laptop GPU,16.35,80.0,0,0,970.12,39
1780348234110,2026-06-01T21:10:34.110228+00:00,0,NVIDIA GeForce RTX 5080 Laptop GPU,16.35,80.0,0,0,970.12,39
1780348235110,2026-06-01T21:10:35.110494+00:00,0,NVIDIA GeForce RTX 5080 Laptop GPU,19.58,80.0,0,0,970.12,40
1780348236110,2026-06-01T21:10:36.110646+00:00,0,NVIDIA GeForce RTX 5080 Laptop GPU,24.95,80.0,6,1,970.12,40
1780348237110,2026-06-01T21:10:37.110852+00:00,0,NVIDIA GeForce RTX 5080 Laptop GPU,24.84,80.0,6,1,970.12,40
1780348238111,2026-06-01T21:10:38.111009+00:00,0,NVIDIA GeForce RTX 5080 Laptop GPU,21.31,80.0,3,0,970.12,40
1780348239111,2026-06-01T21:10:39.111216+00:00,0,NVIDIA GeForce RTX 5080 Laptop GPU,21.27,80.0,3,0,970.12,40
1780348240111,2026-06-01T21:10:40.111395+00:00,0,NVIDIA GeForce RTX 5080 Laptop GPU,21.21,80.0,6,1,970.12,40
1780348241111,2026-06-01T21:10:41.111547+00:00,0,NVIDIA GeForce RTX 5080 Laptop GPU,21.09,80.0,3,0,970.12,40
1780348242111,2026-06-01T21:10:42.111697+00:00,0,NVIDIA GeForce RTX 5080 Laptop GPU,21.41,80.0,3,0,970.12,41
1780348243111,2026-06-01T21:10:43.111940+00:00,0,NVIDIA GeForce RTX 5080 Laptop GPU,21.48,80.0,6,1,970.12,40
1780348244112,2026-06-01T21:10:44.112142+00:00,0,NVIDIA GeForce RTX 5080 Laptop GPU,21.52,80.0,3,0,970.12,40
1780348245112,2026-06-01T21:10:45.112308+00:00,0,NVIDIA GeForce RTX 5080 Laptop GPU,20.91,80.0,3,0,970.12,40
1780348246112,2026-06-01T21:10:46.112538+00:00,0,NVIDIA GeForce RTX 5080 Laptop GPU,21.76,80.0,6,1,970.12,40
1780348247112,2026-06-01T21:10:47.112619+00:00,0,NVIDIA GeForce RTX 5080 Laptop GPU,21.35,80.0,6,1,970.12,40
1780348248112,2026-06-01T21:10:48.112828+00:00,0,NVIDIA GeForce RTX 5080 Laptop GPU,21.45,80.0,3,0,970.12,40
1780348249113,2026-06-01T21:10:49.113057+00:00,0,NVIDIA GeForce RTX 5080 Laptop GPU,22.02,80.0,3,0,970.12,40
1780348250113,2026-06-01T21:10:50.113261+00:00,0,NVIDIA GeForce RTX 5080 Laptop GPU,21.06,80.0,6,1,970.12,40
1780348251113,2026-06-01T21:10:51.113492+00:00,0,NVIDIA GeForce RTX 5080 Laptop GPU,21.23,80.0,3,0,970.12,40
1780348252113,2026-06-01T21:10:52.113645+00:00,0,NVIDIA GeForce RTX 5080 Laptop GPU,20.99,80.0,3,0,970.12,40
1780348253113,2026-06-01T21:10:53.113847+00:00,0,NVIDIA GeForce RTX 5080 Laptop GPU,21.41,80.0,3,0,970.12,41
1780348254114,2026-06-01T21:10:54.114083+00:00,0,NVIDIA GeForce RTX 5080 Laptop GPU,21.32,80.0,3,0,970.12,40
1780348255114,2026-06-01T21:10:55.114316+00:00,0,NVIDIA GeForce RTX 5080 Laptop GPU,21.1,80.0,3,0,970.12,40
1780348256114,2026-06-01T21:10:56.114480+00:00,0,NVIDIA GeForce RTX 5080 Laptop GPU,21.16,80.0,3,0,970.12,40
1780348257114,2026-06-01T21:10:57.114686+00:00,0,NVIDIA GeForce RTX 5080 Laptop GPU,21.48,80.0,5,0,970.12,40
1780348258114,2026-06-01T21:10:58.114890+00:00,0,NVIDIA GeForce RTX 5080 Laptop GPU,21.09,80.0,3,0,970.12,40
1780348259115,2026-06-01T21:10:59.115073+00:00,0,NVIDIA GeForce RTX 5080 Laptop GPU,21.16,80.0,3,0,970.12,40
1780348260115,2026-06-01T21:11:00.115288+00:00,0,NVIDIA GeForce RTX 5080 Laptop GPU,21.27,80.0,3,0,970.12,41
1780348261115,2026-06-01T21:11:01.115513+00:00,0,NVIDIA GeForce RTX 5080 Laptop GPU,21.65,80.0,4,0,970.12,40
1780348262115,2026-06-01T21:11:02.115705+00:00,0,NVIDIA GeForce RTX 5080 Laptop GPU,21.44,80.0,3,0,970.12,40
1780348263115,2026-06-01T21:11:03.115880+00:00,0,NVIDIA GeForce RTX 5080 Laptop GPU,21.28,80.0,3,0,970.12,40
1780348264116,2026-06-01T21:11:04.116109+00:00,0,NVIDIA GeForce RTX 5080 Laptop GPU,21.47,80.0,3,0,970.12,41
1780348265116,2026-06-01T21:11:05.116313+00:00,0,NVIDIA GeForce RTX 5080 Laptop GPU,21.25,80.0,6,1,970.12,41
1780348266116,2026-06-01T21:11:06.116528+00:00,0,NVIDIA GeForce RTX 5080 Laptop GPU,21.43,80.0,3,0,970.12,40
1780348267116,2026-06-01T21:11:07.116688+00:00,0,NVIDIA GeForce RTX 5080 Laptop GPU,21.31,80.0,3,0,970.12,40
1780348268116,2026-06-01T21:11:08.116897+00:00,0,NVIDIA GeForce RTX 5080 Laptop GPU,21.41,80.0,3,0,970.12,41
1780348269117,2026-06-01T21:11:09.117106+00:00,0,NVIDIA GeForce RTX 5080 Laptop GPU,20.36,80.0,3,0,970.12,40
1780348270117,2026-06-01T21:11:10.117322+00:00,0,NVIDIA GeForce RTX 5080 Laptop GPU,20.53,80.0,3,0,970.12,40
1780348271117,2026-06-01T21:11:11.117480+00:00,0,NVIDIA GeForce RTX 5080 Laptop GPU,20.65,80.0,3,0,970.12,40
1780348272117,2026-06-01T21:11:12.117682+00:00,0,NVIDIA GeForce RTX 5080 Laptop GPU,21.41,80.0,3,0,970.12,41
1780348273117,2026-06-01T21:11:13.117885+00:00,0,NVIDIA GeForce RTX 5080 Laptop GPU,21.25,80.0,6,1,970.12,41
1780348274118,2026-06-01T21:11:14.118103+00:00,0,NVIDIA GeForce RTX 5080 Laptop GPU,21.66,80.0,3,0,970.12,41
1780348275118,2026-06-01T21:11:15.118319+00:00,0,NVIDIA GeForce RTX 5080 Laptop GPU,21.21,80.0,3,0,970.12,40
1780348276118,2026-06-01T21:11:16.118545+00:00,0,NVIDIA GeForce RTX 5080 Laptop GPU,21.61,80.0,6,1,970.12,41
1780348277118,2026-06-01T21:11:17.118744+00:00,0,NVIDIA GeForce RTX 5080 Laptop GPU,21.42,80.0,5,1,970.12,41
1780348278118,2026-06-01T21:11:18.118903+00:00,0,NVIDIA GeForce RTX 5080 Laptop GPU,21.48,80.0,3,0,970.12,41
1780348279119,2026-06-01T21:11:19.119108+00:00,0,NVIDIA GeForce RTX 5080 Laptop GPU,21.5,80.0,4,0,970.12,41
1780348280119,2026-06-01T21:11:20.119330+00:00,0,NVIDIA GeForce RTX 5080 Laptop GPU,21.01,80.0,6,1,970.12,41
1780348281119,2026-06-01T21:11:21.119531+00:00,0,NVIDIA GeForce RTX 5080 Laptop GPU,21.14,80.0,3,0,970.12,41
1780348282119,2026-06-01T21:11:22.119696+00:00,0,NVIDIA GeForce RTX 5080 Laptop GPU,21.6,80.0,3,0,970.12,41
1780348283119,2026-06-01T21:11:23.119903+00:00,0,NVIDIA GeForce RTX 5080 Laptop GPU,21.3,80.0,3,0,970.12,41
1780348284120,2026-06-01T21:11:24.120108+00:00,0,NVIDIA GeForce RTX 5080 Laptop GPU,21.42,80.0,6,1,970.12,42
1780348285120,2026-06-01T21:11:25.120355+00:00,0,NVIDIA GeForce RTX 5080 Laptop GPU,21.44,80.0,6,1,970.12,41
1780348286120,2026-06-01T21:11:26.120423+00:00,0,NVIDIA GeForce RTX 5080 Laptop GPU,21.17,80.0,3,0,970.12,41
1780348287120,2026-06-01T21:11:27.120597+00:00,0,NVIDIA GeForce RTX 5080 Laptop GPU,20.96,80.0,3,0,970.12,41
1780348288120,2026-06-01T21:11:28.120804+00:00,0,NVIDIA GeForce RTX 5080 Laptop GPU,21.27,80.0,3,0,970.12,41
1780348289121,2026-06-01T21:11:29.121042+00:00,0,NVIDIA GeForce RTX 5080 Laptop GPU,21.3,80.0,6,1,970.12,41
1780348290121,2026-06-01T21:11:30.121218+00:00,0,NVIDIA GeForce RTX 5080 Laptop GPU,21.48,80.0,3,0,970.12,41
1780348291121,2026-06-01T21:11:31.121396+00:00,0,NVIDIA GeForce RTX 5080 Laptop GPU,21.12,80.0,3,0,970.12,41
1780348292121,2026-06-01T21:11:32.121608+00:00,0,NVIDIA GeForce RTX 5080 Laptop GPU,21.04,80.0,3,0,970.12,42
1780348293121,2026-06-01T21:11:33.121822+00:00,0,NVIDIA GeForce RTX 5080 Laptop GPU,21.65,80.0,6,1,970.12,41
1780348294122,2026-06-01T21:11:34.122003+00:00,0,NVIDIA GeForce RTX 5080 Laptop GPU,21.45,80.0,3,0,970.12,41
1780348295122,2026-06-01T21:11:35.122158+00:00,0,NVIDIA GeForce RTX 5080 Laptop GPU,21.4,80.0,3,0,970.12,41
1780348296122,2026-06-01T21:11:36.122369+00:00,0,NVIDIA GeForce RTX 5080 Laptop GPU,21.89,80.0,6,1,970.12,41
1780348297122,2026-06-01T21:11:37.122577+00:00,0,NVIDIA GeForce RTX 5080 Laptop GPU,21.3,80.0,5,1,970.12,41
1780348298122,2026-06-01T21:11:38.122627+00:00,0,NVIDIA GeForce RTX 5080 Laptop GPU,21.06,80.0,3,0,970.12,41
1780348299122,2026-06-01T21:11:39.122836+00:00,0,NVIDIA GeForce RTX 5080 Laptop GPU,21.31,80.0,3,0,970.12,41
1780348300123,2026-06-01T21:11:40.123025+00:00,0,NVIDIA GeForce RTX 5080 Laptop GPU,21.36,80.0,6,1,970.12,41
1780348301123,2026-06-01T21:11:41.123201+00:00,0,NVIDIA GeForce RTX 5080 Laptop GPU,21.11,80.0,3,0,970.12,41
1780348302123,2026-06-01T21:11:42.123409+00:00,0,NVIDIA GeForce RTX 5080 Laptop GPU,20.91,80.0,3,0,970.12,41
1780348303123,2026-06-01T21:11:43.123605+00:00,0,NVIDIA GeForce RTX 5080 Laptop GPU,21.54,80.0,6,1,970.12,42
1780348304123,2026-06-01T21:11:44.123810+00:00,0,NVIDIA GeForce RTX 5080 Laptop GPU,21.49,80.0,6,1,970.12,41
1780348305123,2026-06-01T21:11:45.123948+00:00,0,NVIDIA GeForce RTX 5080 Laptop GPU,21.32,80.0,3,0,970.12,41
1780348306124,2026-06-01T21:11:46.124157+00:00,0,NVIDIA GeForce RTX 5080 Laptop GPU,21.72,80.0,4,0,970.12,42
1780348307124,2026-06-01T21:11:47.124364+00:00,0,NVIDIA GeForce RTX 5080 Laptop GPU,21.54,80.0,6,1,970.12,41
1780348308124,2026-06-01T21:11:48.124539+00:00,0,NVIDIA GeForce RTX 5080 Laptop GPU,21.24,80.0,3,0,970.12,41
1780348309124,2026-06-01T21:11:49.124680+00:00,0,NVIDIA GeForce RTX 5080 Laptop GPU,21.2,80.0,3,0,970.12,41
1780348310124,2026-06-01T21:11:50.124888+00:00,0,NVIDIA GeForce RTX 5080 Laptop GPU,21.18,80.0,6,1,970.12,41
1780348311125,2026-06-01T21:11:51.125109+00:00,0,NVIDIA GeForce RTX 5080 Laptop GPU,21.57,80.0,6,1,970.12,41
1780348312125,2026-06-01T21:11:52.125257+00:00,0,NVIDIA GeForce RTX 5080 Laptop GPU,21.24,80.0,3,0,970.12,41
1780348313125,2026-06-01T21:11:53.125492+00:00,0,NVIDIA GeForce RTX 5080 Laptop GPU,21.31,80.0,3,0,970.12,41
1780348314125,2026-06-01T21:11:54.125714+00:00,0,NVIDIA GeForce RTX 5080 Laptop GPU,21.11,80.0,4,0,970.12,41
1780348315125,2026-06-01T21:11:55.125911+00:00,0,NVIDIA GeForce RTX 5080 Laptop GPU,17.32,80.0,0,0,970.12,41
1780348316126,2026-06-01T21:11:56.126132+00:00,0,NVIDIA GeForce RTX 5080 Laptop GPU,16.38,80.0,0,0,970.12,41
1780348317126,2026-06-01T21:11:57.126328+00:00,0,NVIDIA GeForce RTX 5080 Laptop GPU,17.59,80.0,0,0,970.12,42
1780348318126,2026-06-01T21:11:58.126556+00:00,0,NVIDIA GeForce RTX 5080 Laptop GPU,25.36,80.0,7,1,970.12,41
1780348319126,2026-06-01T21:11:59.126723+00:00,0,NVIDIA GeForce RTX 5080 Laptop GPU,23.15,80.0,6,1,970.12,41
1780348320126,2026-06-01T21:12:00.126927+00:00,0,NVIDIA GeForce RTX 5080 Laptop GPU,21.33,80.0,3,0,970.12,41
1780348321127,2026-06-01T21:12:01.127153+00:00,0,NVIDIA GeForce RTX 5080 Laptop GPU,21.78,80.0,6,1,970.12,41
1780348322127,2026-06-01T21:12:02.127297+00:00,0,NVIDIA GeForce RTX 5080 Laptop GPU,21.5,80.0,3,0,970.12,41
1780348323127,2026-06-01T21:12:03.127441+00:00,0,NVIDIA GeForce RTX 5080 Laptop GPU,21.37,80.0,3,0,970.12,41
1780348324127,2026-06-01T21:12:04.127646+00:00,0,NVIDIA GeForce RTX 5080 Laptop GPU,21.52,80.0,6,1,970.12,41
1780348325127,2026-06-01T21:12:05.127885+00:00,0,NVIDIA GeForce RTX 5080 Laptop GPU,21.32,80.0,6,1,970.12,41
1780348326128,2026-06-01T21:12:06.128068+00:00,0,NVIDIA GeForce RTX 5080 Laptop GPU,21.05,80.0,3,0,970.12,41
1780348327128,2026-06-01T21:12:07.128296+00:00,0,NVIDIA GeForce RTX 5080 Laptop GPU,21.15,80.0,3,0,970.12,41
1780348328128,2026-06-01T21:12:08.128513+00:00,0,NVIDIA GeForce RTX 5080 Laptop GPU,21.37,80.0,6,1,970.12,41
1780348329128,2026-06-01T21:12:09.128718+00:00,0,NVIDIA GeForce RTX 5080 Laptop GPU,21.39,80.0,4,0,970.12,41
1780348330128,2026-06-01T21:12:10.128924+00:00,0,NVIDIA GeForce RTX 5080 Laptop GPU,20.98,80.0,3,0,970.12,41
1780348331129,2026-06-01T21:12:11.129134+00:00,0,NVIDIA GeForce RTX 5080 Laptop GPU,21.36,80.0,4,0,970.12,41
1780348332129,2026-06-01T21:12:12.129362+00:00,0,NVIDIA GeForce RTX 5080 Laptop GPU,21.39,80.0,6,1,970.12,41
1780348333129,2026-06-01T21:12:13.129540+00:00,0,NVIDIA GeForce RTX 5080 Laptop GPU,21.2,80.0,3,0,970.12,41
1780348334129,2026-06-01T21:12:14.129742+00:00,0,NVIDIA GeForce RTX 5080 Laptop GPU,21.1,80.0,3,0,970.12,41
1780348335129,2026-06-01T21:12:15.129969+00:00,0,NVIDIA GeForce RTX 5080 Laptop GPU,21.62,80.0,6,1,970.12,42
1780348336130,2026-06-01T21:12:16.130233+00:00,0,NVIDIA GeForce RTX 5080 Laptop GPU,21.51,80.0,4,0,970.12,41
1780348337130,2026-06-01T21:12:17.130435+00:00,0,NVIDIA GeForce RTX 5080 Laptop GPU,21.52,80.0,3,0,970.12,41
1780348338130,2026-06-01T21:12:18.130647+00:00,0,NVIDIA GeForce RTX 5080 Laptop GPU,20.9,80.0,3,0,970.12,41
1780348339130,2026-06-01T21:12:19.130873+00:00,0,NVIDIA GeForce RTX 5080 Laptop GPU,21.34,80.0,6,1,970.12,41
1780348340131,2026-06-01T21:12:20.131081+00:00,0,NVIDIA GeForce RTX 5080 Laptop GPU,21.59,80.0,3,0,970.12,41
1780348341131,2026-06-01T21:12:21.131276+00:00,0,NVIDIA GeForce RTX 5080 Laptop GPU,21.21,80.0,3,0,970.12,41
1780348342131,2026-06-01T21:12:22.131488+00:00,0,NVIDIA GeForce RTX 5080 Laptop GPU,21.32,80.0,6,1,970.12,42
1780348343131,2026-06-01T21:12:23.131732+00:00,0,NVIDIA GeForce RTX 5080 Laptop GPU,21.19,80.0,5,1,970.12,41
1780348344131,2026-06-01T21:12:24.131807+00:00,0,NVIDIA GeForce RTX 5080 Laptop GPU,21.22,80.0,3,0,970.12,41
1780348345132,2026-06-01T21:12:25.132041+00:00,0,NVIDIA GeForce RTX 5080 Laptop GPU,21.46,80.0,3,0,970.12,41
1780348346132,2026-06-01T21:12:26.132238+00:00,0,NVIDIA GeForce RTX 5080 Laptop GPU,19.67,80.0,3,0,970.12,41
